DATES,FUTR
2018-01-01,0.0
2018-01-02,0.008172117298474002
2018-01-03,0.004123531910059874
2018-01-04,0.0038050529653230747
2018-01-05,0.005488664989445335
2018-01-08,0.003200632244515833
2018-01-09,0.00023006966242306026
2018-01-10,-0.0026322803507381476
2018-01-11,0.01040515017453969
2018-01-12,0.004673502628267379
2018-01-15,0.0
2018-01-16,-0.0046809925049718926
2018-01-17,0.007838371817316725
2018-01-18,-0.0033446176314914644
2018-01-19,0.007967929883501146
2018-01-22,0.006709526545820688
2018-01-23,0.001854980518972038
2018-01-24,-0.0014642759411057638
2018-01-25,-0.0002330602580736807
2018-01-26,0.00801375010024774
2018-01-29,-0.007761365184104196
2018-01-30,-0.010257596609373587
2018-01-31,-0.0010548913714418795
2018-02-01,0.00044861234733978295
2018-02-02,-0.02193762550336531
2018-02-05,-0.04542950189866862
2018-02-06,0.020429409830615697
2018-02-07,-0.004477360576062406
2018-02-08,-0.030729591200348738
2018-02-09,0.009971541779220328
2018-02-12,0.012198581070168468
2018-02-13,0.0026102246323791434
2018-02-14,0.016035360999606563
2018-02-15,0.011920283222435213
2018-02-16,0.001369254365549355
2018-02-19,0.0
2018-02-20,-0.007337202917030661
2018-02-21,-0.003948253775128918
2018-02-22,0.0015649189131405339
2018-02-23,0.013145674097861715
2018-02-26,0.009284158895526251
2018-02-27,-0.013798235748010257
2018-02-28,-0.012072968594167122
2018-03-01,-0.008390730705609806
2018-03-02,0.007702268039024185
2018-03-05,0.01030533069917694
2018-03-06,0.006177976135491869
2018-03-07,0.0008023701549170204
2018-03-08,0.0021793894349512177
2018-03-09,0.016507270654511186
2018-03-12,0.0005049023967291788
2018-03-13,-0.005902377184362928
2018-03-14,-0.0063389521244018865
2018-03-15,-0.001433512853297958
2018-03-16,0.003386541195687487
2018-03-19,-0.010750517818353844
2018-03-20,0.0003188019234314776
2018-03-21,0.0007038211329100097
2018-03-22,-0.02678779202771031
2018-03-23,-0.018510229594198513
2018-03-26,0.022666415417386676
2018-03-27,-0.01585363393155348
2018-03-28,-0.0004176552073056894
2018-03-29,0.01405377913527539
2018-03-30,0.0
2018-04-02,-0.025476535956038382
2018-04-03,0.014645387888356343
2018-04-04,0.010942314734062264
2018-04-05,0.006486158078705229
2018-04-06,-0.020717992578501987
2018-04-09,0.00297458728766975
2018-04-10,0.015089777232449086
2018-04-11,-0.0036438384683386005
2018-04-12,0.006586614794026002
2018-04-13,-0.0028270466353508272
2018-04-16,0.009674976296039528
2018-04-17,0.00855328879591244
2018-04-18,0.0019053583473273017
2018-04-19,-0.005664009243950607
2018-04-20,-0.007311043738564227
2018-04-23,8.798360740397415e-05
2018-04-24,-0.010445560986442282
2018-04-25,0.0018592854109560353
2018-04-26,0.007631444778639418
2018-04-27,-0.0013245415947710781
2018-04-30,-0.010026947961271848
2018-05-01,0.0028331272659963824
2018-05-02,-0.005517030579908155
2018-05-03,-0.00012242688520569533
2018-05-04,0.012718191103493037
2018-05-07,0.004029684545255541
2018-05-08,0.0015149417282499522
2018-05-09,0.007329070597543175
2018-05-10,0.00798942651485457
2018-05-11,0.002387806473678755
2018-05-14,-0.0005495305189429089
2018-05-15,-0.005292508286846465
2018-05-16,0.006052723635455393
2018-05-17,0.00029893447365386683
2018-05-18,-0.0021086521293144367
2018-05-21,0.008441383934466473
2018-05-22,-0.004641756414899723
2018-05-23,0.001152766626129953
2018-05-24,-0.00036261862636705056
2018-05-25,-0.0029263836029623236
2018-05-28,0.0
2018-05-29,-0.0068118399821675
2018-05-30,0.013881307178287838
2018-05-31,-0.009301277855721712
2018-06-01,0.008097583444393264
2018-06-04,0.004854934995327187
2018-06-05,0.0023637289916464965
2018-06-06,0.00779653016599513
2018-06-07,0.0002254714402841751
2018-06-08,0.004204838789723109
2018-06-11,0.0005901224453330189
2018-06-12,0.0010916828958411617
2018-06-13,-0.004794029902520813
2018-06-14,0.003034763346076663
2018-06-15,-0.0021644760126896534
2018-06-18,0.00012301013027155028
2018-06-19,-0.003177412468762464
2018-06-20,0.0035674898304826064
2018-06-21,-0.007203342109026678
2018-06-22,0.0015711647088414438
2018-06-25,-0.013745522404333577
2018-06-26,0.001909349830857332
2018-06-27,-0.009992915506540856
2018-06-28,0.004684249476997637
2018-06-29,0.0008790321676308555
2018-07-02,0.0010307924779863753
2018-07-03,-0.0012884275200294448
2018-07-04,0.0
2018-07-05,0.008985562952574688
2018-07-06,0.008190389216473859
2018-07-09,0.00945238169825846
2018-07-10,0.0016353148776019344
2018-07-11,-0.008740488908967337
2018-07-12,0.005972061128930561
2018-07-13,0.000698697700242279
2018-07-16,-0.0038292118981483325
2018-07-17,0.004799649887391788
2018-07-18,0.002547279384414569
2018-07-19,0.00018658232705787148
2018-07-20,-0.003932824094089571
2018-07-23,0.0020078253706754534
2018-07-24,-0.0020746549830524263
2018-07-25,0.005025344114773844
2018-07-26,0.0024537053748103776
2018-07-27,-0.010222989124967219
2018-07-30,-0.004678514471138262
2018-07-31,0.006974608543875327
2018-08-01,-0.002443015794752257
2018-08-02,0.007146965632618407
2018-08-03,0.0031943816733369657
2018-08-06,0.004273184616526926
2018-08-07,0.002929820604378963
2018-08-08,-0.002003998787116712
2018-08-09,-0.0007834917087268245
2018-08-10,-0.005915268352878478
2018-08-13,-0.0045853676023493994
2018-08-14,0.007347789364779422
2018-08-15,-0.00824094757853977
2018-08-16,0.00824395292906277
2018-08-17,0.003816862159424672
2018-08-20,0.002883465756363668
2018-08-21,0.0047764723085204075
2018-08-22,-0.00018470347125876252
2018-08-23,-0.002484132678016393
2018-08-24,0.0051300425324452
2018-08-27,0.006186151862105693
2018-08-28,5.733451719597271e-05
2018-08-29,0.004262724532396178
2018-08-30,-0.0048674020288841935
2018-08-31,0.0011747587072314936
2018-09-03,0.0
2018-09-04,-0.0016958458197720572
2018-09-05,-0.002141688743623027
2018-09-06,-0.003439524498231372
2018-09-07,-0.0016995427141233699
2018-09-10,0.0020172949437096133
2018-09-11,0.002435281138622236
2018-09-12,0.00010377961941010483
2018-09-13,0.0038009608472598932
2018-09-14,0.002095746081153149
2018-09-17,-0.007432241047682087
2018-09-18,0.005077134276375794
2018-09-19,-0.001179421003451031
2018-09-20,0.007960080001458536
2018-09-21,-0.002415826579108604
2018-09-24,-0.0033131045113881097
2018-09-25,-0.0012656843849869204
2018-09-26,-0.006357594193001137
2018-09-27,0.00190350399278727
2018-09-28,0.0014385835740158281
2018-10-01,-0.002114027393263218
2018-10-02,-0.00202322477207012
2018-10-03,0.002160411095208592
2018-10-04,-0.009676726444996675
2018-10-05,-0.0059907238744947855
2018-10-08,8.333062206372643e-05
2018-10-09,-0.0038402292429743357
2018-10-10,-0.03177568923132085
2018-10-11,-0.0167819986924313
2018-10-12,0.0053118769891785655
2018-10-15,-0.0014122681458160202
2018-10-16,0.023189294819556117
2018-10-17,-0.0019054921544571224
2018-10-18,-0.01546139135784258
2018-10-19,-0.0037742384967318077
2018-10-22,-0.004735288140050864
2018-10-23,-0.00684602939235629
2018-10-24,-0.030207220662874013
2018-10-25,0.01174245750292191
2018-10-26,-0.009079527279462096
2018-10-29,-0.0068756740630799285
2018-10-30,0.01670545410946178
2018-10-31,0.00627951522101966
2018-11-01,0.015091203404669518
2018-11-02,-0.002297209794949129
2018-11-05,0.005161281134024254
2018-11-06,0.006738560848471908
2018-11-07,0.017986188439443773
2018-11-08,-0.003623044084410998
2018-11-09,-0.010578561407677323
2018-11-12,-0.017477079661489814
2018-11-13,0.00030273796000673814
2018-11-14,-0.008310069546715315
2018-11-15,0.012562337900030474
2018-11-16,0.0019269872355264228
2018-11-19,-0.015327867132420181
2018-11-20,-0.01896546605653715
2018-11-21,0.007041474126414982
2018-11-22,0.0
2018-11-23,-0.004612075347074085
2018-11-26,0.014086419512080894
2018-11-27,-0.001585015612902474
2018-11-28,0.020794439829014966
2018-11-29,-3.3698140993909664e-05
2018-11-30,0.005898969818416422
2018-12-03,0.010040374721992373
2018-12-04,-0.03417633169157225
2018-12-05,0.0
2018-12-06,-0.004373197217060254
2018-12-07,-0.020396484379218593
2018-12-10,-0.0018744371994207087
2018-12-11,-0.0017467913587815853
2018-12-12,0.0057314087169986205
2018-12-13,-0.00709969226489604
2018-12-14,-0.015682956554910588
2018-12-17,-0.020296418354252832
2018-12-18,-0.0037060606243081717
2018-12-19,-0.015675404108632773
2018-12-20,-0.00988428981508116
2018-12-21,-0.024323237196732128
2018-12-24,-0.029088484926178437
2018-12-25,0.0
2018-12-26,0.05046541026049256
2018-12-27,0.007113040514095337
2018-12-28,-0.002076302265854313
2018-12-31,0.008823008871004623
2019-01-01,0.0
2019-01-02,0.0001532737974641596
2019-01-03,-0.020880261439062686
2019-01-04,0.0336654936441001
2019-01-07,0.009054331566533236
2019-01-08,0.012913225975018316
2019-01-09,0.00693725691074476
2019-01-10,0.00614030984412417
2019-01-11,0.0004479964713060003
2019-01-14,-0.0056275925312375685
2019-01-15,0.00792145500486885
2019-01-16,0.0049138754670887685
2019-01-17,0.009048350083591394
2019-01-18,0.013592885685004386
2019-01-21,0.0
2019-01-22,-0.015062398517976472
2019-01-23,0.0005162810022807385
2019-01-24,0.0024931299592184097
2019-01-25,0.010822213800764646
2019-01-28,-0.004668524811570429
2019-01-29,-0.00024900430719576594
2019-01-30,0.011001258972326844
2019-01-31,0.006344823658469778
2019-02-01,0.0013954604951895155
2019-02-04,0.007650442075059827
2019-02-05,0.003945083090277524
2019-02-06,-0.0009182885364421023
2019-02-07,-0.0070069152383208655
2019-02-08,-9.570551150528406e-05
2019-02-11,0.003796569911455494
2019-02-12,0.011804218142917211
2019-02-13,0.0033059413147114025
2019-02-14,-0.0014870950674917283
2019-02-15,0.012131297014206788
2019-02-18,0.0
2019-02-19,0.0009149652806087483
2019-02-20,0.0035974428514736756
2019-02-21,-0.003950876560644245
2019-02-22,0.0069739247902856905
2019-02-25,0.0008742258855076734
2019-02-26,-0.005303270739575872
2019-02-27,0.0011745623109461478
2019-02-28,-0.003942983053374816
2019-03-01,0.007429072033411366
2019-03-04,-0.004950703350681984
2019-03-05,-0.0019068685404828312
2019-03-06,-0.010446804039089985
2019-03-07,-0.008198534195202445
2019-03-08,-0.0023352274864853473
2019-03-11,0.013533567293323667
2019-03-12,0.0022474740632278944
2019-03-13,0.005904753771384108
2019-03-14,-0.002050630841305967
2019-03-15,0.0036933514954098356
2019-03-18,0.0057952610637489466
2019-03-19,-0.0033429728636802936
2019-03-20,-0.005638513316136684
2019-03-21,0.0127900453615587
2019-03-22,-0.0234894257347662
2019-03-25,0.0005154372095124704
2019-03-26,0.007844229643976686
2019-03-27,-0.0026133352367856966
2019-03-28,0.005964520491132497
2019-03-29,0.004551172814388216
2019-04-01,0.012609306278029142
2019-04-02,-0.002633152864952526
2019-04-03,0.004725090794886477
2019-04-04,0.0030617768359276765
2019-04-05,0.006139234085045575
2019-04-08,0.0003636741658420428
2019-04-09,-0.008424349185379099
2019-04-10,0.0068209427000924805
2019-04-11,0.0009332919717401911
2019-04-12,0.007272117432545744
2019-04-15,-0.001353193263335828
2019-04-16,0.0007492182925858959
2019-04-17,-0.00567411159793918
2019-04-18,0.002765808487113164
2019-04-19,0.0
2019-04-22,-0.0014112799192069203
2019-04-23,0.010607287385026809
2019-04-24,0.0003109971609039919
2019-04-25,-0.0065497390146956325
2019-04-26,0.007384755741487559
2019-04-29,0.00045562492278838906
2019-04-30,5.116960204754051e-05
2019-05-01,-0.00989891039357943
2019-05-02,-0.00014533762682239493
2019-05-03,0.012661334955840875
2019-05-06,-0.00370551599628155
2019-05-07,-0.017171625249226496
2019-05-08,-0.002152420263306365
2019-05-09,-0.003802835711438801
2019-05-10,0.0040089132052949505
2019-05-13,-0.028407342608102903
2019-05-14,0.010748820844832752
2019-05-15,0.0038804051482626
2019-05-16,0.007272369708104187
2019-05-17,-0.008850163634980368
2019-05-20,-0.006690383685353185
2019-05-21,0.010288555562691037
2019-05-22,-0.005534754587152579
2019-05-23,-0.015000217667311633
2019-05-24,0.0047078503290111096
2019-05-27,0.0
2019-05-28,-0.00995631939083802
2019-05-29,-0.007602467075252417
2019-05-30,0.0007141249549988404
2019-05-31,-0.011676088046714939
2019-06-03,0.0029629504208979474
2019-06-04,0.02279173372408061
2019-06-05,0.005391993439259335
2019-06-06,0.005183284229100638
2019-06-07,0.007822979940189545
2019-06-10,0.005253828966263252
2019-06-11,-4.706993312630914e-05
2019-06-12,-0.0018265959895129025
2019-06-13,0.005438544602449746
2019-06-14,-0.003857976297748811
2019-06-17,0.00039261832706949384
2019-06-18,0.010796059385173362
2019-06-19,0.0026414186372638593
2019-06-20,0.007727794053558834
2019-06-21,-0.004667763795227875
2019-06-24,-0.0038093199869647654
2019-06-25,-0.007899107393691762
2019-06-26,-0.001129977555325845
2019-06-27,0.008451979809225518
2019-06-28,0.008175640024952635
2019-07-01,0.005476740466522023
2019-07-02,0.00042110341526019335
2019-07-03,0.00809758153178497
2019-07-04,0.0
2019-07-05,-0.0012941706463962532
2019-07-08,-0.006654268976140243
2019-07-09,0.0006654206574805421
2019-07-10,0.0019599940306861963
2019-07-11,-0.00012422275578316544
2019-07-12,0.00739412906070358
2019-07-15,-0.002559822607633877
2019-07-16,-0.0015179537524383502
2019-07-17,-0.007520730876544923
2019-07-18,0.0037423672383581907
2019-07-19,-0.005114719019326586
2019-07-22,0.0017579296033294334
2019-07-23,0.0085425664036608
2019-07-24,0.009312483603456378
2019-07-25,-0.007766215977971169
2019-07-26,0.008031070461109513
2019-07-29,-0.002720665240164344
2019-07-30,0.0016657301041300143
2019-07-31,-0.010333573031768906
2019-08-01,-0.01322743311089819
2019-08-02,-0.008699350708778253
2019-08-05,-0.03173280925565447
2019-08-06,0.014388347999526596
2019-08-07,0.0018439144316685363
2019-08-08,0.020630737905611873
2019-08-09,-0.009957340237007506
2019-08-12,-0.014388903969768108
2019-08-13,0.014829756918893211
2019-08-14,-0.030389933429050497
2019-08-15,0.0003829400603899691
2019-08-16,0.018340948221328368
2019-08-19,0.01035137548116305
2019-08-20,-0.008535342312341931
2019-08-21,0.008171174158074446
2019-08-22,-0.000744150435241675
2019-08-23,-0.025240018695323663
2019-08-26,0.00905271996036705
2019-08-27,-0.00847839901999714
2019-08-28,0.009088827856790882
2019-08-29,0.0139165497584669
2019-08-30,0.000698290414125835
2019-09-02,0.0
2019-09-03,-0.009637284662360912
2019-09-04,0.01202651806893773
2019-09-05,0.014125426286228704
2019-09-06,0.0012098482195883054
2019-09-09,0.0035836236029762603
2019-09-10,0.0028427142628936197
2019-09-11,0.010810073561415612
2019-09-12,0.0010774578664633494
2019-09-13,-0.0005384675399405237
2019-09-16,-0.0002987119742039468
2019-09-17,-0.0008716811104274025
2019-09-18,-0.0011930101920821778
2019-09-19,-0.001155669472177323
2019-09-20,-0.00481563637423027
2019-09-23,0.0023846705112143818
2019-09-24,-0.010232989655760694
2019-09-25,0.008479010540902832
2019-09-26,-0.003990291855847372
2019-09-27,-0.006240875006146951
2019-09-30,0.005943571291009975
2019-10-01,-0.01635952188435097
2019-10-02,-0.01647785967432719
2019-10-03,0.008142852979427406
2019-10-04,0.01169841356509993
2019-10-07,-0.004700932579442152
2019-10-08,-0.016551244551229416
2019-10-09,0.00785802132012392
2019-10-10,0.0066513408720653144
2019-10-11,0.013813325121068809
2019-10-14,-0.00299551363664885
2019-10-15,0.009338941560995462
2019-10-16,-0.0014082730025553603
2019-10-17,0.005220581051681994
2019-10-18,-0.0020640845797547658
2019-10-21,0.005868494367109234
2019-10-22,-0.0022266693787061365
2019-10-23,0.002340132458808708
2019-10-24,-0.00014545032739526897
2019-10-25,0.0051748716824839835
2019-10-28,0.005660100052406691
2019-10-29,0.001110866516230824
2019-10-30,0.0004816250723214677
2019-10-31,-0.005699262595100674
2019-11-01,0.011845219975352705
2019-11-04,0.004862499349172045
2019-11-05,0.000544051301582249
2019-11-06,-0.0017075553327835502
2019-11-07,0.0023350110155943016
2019-11-08,0.002160620600050178
2019-11-11,-0.001412193079322055
2019-11-12,-0.00012276103902114643
2019-11-13,-0.000512746956907284
2019-11-14,0.0013489934994070918
2019-11-15,0.005840489275290128
2019-11-18,-0.00031261448128228064
2019-11-19,0.000606083881526609
2019-11-20,-0.003347395758236449
2019-11-21,-0.004287737666916591
2019-11-22,0.0024959321971649295
2019-11-25,0.009457193637155026
2019-11-26,0.003745987273903739
2019-11-27,0.004859834581664724
2019-11-28,0.0
2019-11-29,-0.006802922380983567
2019-12-02,-0.008274562455474366
2019-12-03,-0.006539043349525209
2019-12-04,0.00724080962878082
2019-12-05,0.001859125353084301
2019-12-06,0.009447356593814016
2019-12-09,-0.00422502453836765
2019-12-10,4.190187856889516e-05
2019-12-11,0.002035425289204418
2019-12-12,0.009436190024038726
2019-12-13,-0.0022206005810852525
2019-12-16,0.006963017039695152
2019-12-17,0.0011479565234503442
2019-12-18,0.0007823367985636542
2019-12-19,0.0039772666947766044
2019-12-20,0.004512149451164071
2019-12-23,-8.123499532813883e-05
2019-12-24,-0.0004992889378644394
2019-12-25,0.0
2019-12-26,0.004021997084622031
2019-12-27,-0.0022169042435196684
2019-12-30,-0.0026698138276153305
2019-12-31,0.0016253616199722876
2020-01-01,0.0
2020-01-02,0.004720429358242129
2020-01-03,-0.006002304022819149
2020-01-06,0.0008970100066502673
2020-01-07,-0.00253716770191198
2020-01-08,0.004666956690031143
2020-01-09,0.0038536968979738795
2020-01-10,-0.0032462364082549433
2020-01-13,0.007895316141052211
2020-01-14,0.0009902329273372423
2020-01-15,0.001621387467348856
2020-01-16,0.008987933902202427
2020-01-17,0.00023576606722064408
2020-01-20,0.0
2020-01-21,-0.003738442471327208
2020-01-22,-0.00029702405255538356
2020-01-23,0.002093792110005488
2020-01-24,-0.01027631498466225
2020-01-27,-0.015363187507375253
2020-01-28,0.011285826952427969
2020-01-29,-0.003476692004442117
2020-01-30,0.003146837392976165
2020-01-31,-0.020120501333911855
2020-02-03,0.00886552552816433
2020-02-04,0.014947231166948516
2020-02-05,0.011237945897360602
2020-02-06,-0.0010343312749702682
2020-02-07,-0.007807623122683183
2020-02-10,0.006818087607770695
2020-02-11,0.004627335003034361
2020-02-12,0.0068198747696652795
2020-02-13,0.0011584573615144311
2020-02-14,0.0002801872818266049
2020-02-17,0.0
2020-02-18,-0.003337375450293223
2020-02-19,0.004634778015720875
2020-02-20,-0.0007994014655441917
2020-02-21,-0.00960494265758699
2020-02-24,-0.03186498889135331
2020-02-25,-0.032162532439223845
2020-02-26,-0.010908740880598733
2020-02-27,-0.04300329711138845
2020-02-28,-0.011549430349491463
2020-03-02,0.03630986646888501
2020-03-03,-0.022246021349746403
2020-03-04,0.03798576078919125
2020-03-05,-0.034412716967194945
2020-03-06,-0.017642758847995377
2020-03-09,-0.08308992659635861
2020-03-10,0.04100091579988285
2020-03-11,-0.055884019257272266
2020-03-12,-0.10286976027972561
2020-03-13,0.0943015665554725
2020-03-16,-0.13341446784940986
2020-03-17,0.05980804447302168
2020-03-18,-0.07053381014928939
2020-03-19,0.020132957885522274
2020-03-20,-0.04186263274391372
2020-03-23,-0.03283719800696644
2020-03-24,0.10517113730076999
2020-03-25,0.021034587729787835
2020-03-26,0.05646042967355214
2020-03-27,-0.032306757767768535
2020-03-30,0.03179999132737976
2020-03-31,-0.013312170824790248
2020-04-01,-0.05377041664135246
2020-04-02,0.020724190541436815
2020-04-03,-0.021052947838581915
2020-04-06,0.07350950820620783
2020-04-07,0.006370543482678959
2020-04-08,0.04313283343093588
2020-04-09,0.02396442243250141
2020-04-10,0.0
2020-04-13,-0.018986648072447654
2020-04-14,0.0258727463620948
2020-04-15,-0.031944498423062795
2020-04-16,0.002185923296117276
2020-04-17,0.03252555204079999
2020-04-20,-0.02050800954693932
2020-04-21,-0.02663025954800219
2020-04-22,0.017136830297549976
2020-04-23,0.004086695479647184
2020-04-24,0.015788422120847412
2020-04-27,0.028089884680897348
2020-04-28,0.004415077979166404
2020-04-29,0.03467807397179801
2020-04-30,-0.022614397118735252
2020-05-01,-0.031213655029778187
2020-05-04,0.0015956386113147314
2020-05-05,0.010692630461706987
2020-05-06,-0.0084781053926975
2020-05-07,0.01669795756121184
2020-05-08,0.02601702855951904
2020-05-11,-0.0040590400962964845
2020-05-12,-0.030384196477728387
2020-05-13,-0.023837935204748195
2020-05-14,0.011048628229595847
2020-05-15,0.0039748377754507125
2020-05-18,0.04840971979884945
2020-05-19,-0.011747987130175941
2020-05-20,0.01924835546895798
2020-05-21,-0.0029898103699303458
2020-05-22,0.0026934501727529647
2020-05-25,0.0
2020-05-26,0.02409672250009831
2020-05-27,0.020240317869628544
2020-05-28,-0.006652172219235142
2020-05-29,-0.002163275887407834
2020-06-01,0.007732561595181653
2020-06-02,0.00836502227788305
2020-06-03,0.02040760865691371
2020-06-04,-0.0008119334395965128
2020-06-05,0.02836696879819056
2020-06-08,0.015556808377762965
2020-06-09,-0.013692784001586022
2020-06-10,-0.01561621636013999
2020-06-11,-0.06457271060012354
2020-06-12,0.014594480272575594
2020-06-15,0.014604868709900187
2020-06-16,0.019437267941206038
2020-06-17,-0.008574922257924611
2020-06-18,-0.0026484848621802226
2020-06-19,-0.008562021109800644
2020-06-22,0.010034549655221214
2020-06-23,0.0018896592080825947
2020-06-24,-0.028511724365313795
2020-06-25,0.01051925994373304
2020-06-26,-0.02043939588975574
2020-06-29,0.018880404533094253
2020-06-30,0.013577124659976292
2020-07-01,-0.001928461269413928
2020-07-02,0.006910211438359015
2020-07-03,0.0
2020-07-06,0.012197988754081512
2020-07-07,-0.01541034576217215
2020-07-08,0.007828754820390138
2020-07-09,-0.011038511493002445
2020-07-10,0.013108087055974105
2020-07-13,-0.01029933798017485
2020-07-14,0.013944230004698133
2020-07-15,0.020695313785095704
2020-07-16,-0.006065737476152355
2020-07-17,0.005217170237152957
2020-07-20,0.0019408336173948881
2020-07-21,0.007458374447059657
2020-07-22,0.005876606657255423
2020-07-23,-0.005118283567757398
2020-07-24,-0.007885300520976246
2020-07-27,0.009286347462526434
2020-07-28,-0.007889388486277849
2020-07-29,0.017176462676764537
2020-07-30,-0.00394266771131091
2020-07-31,-0.0011206574285136384
2020-08-03,0.009716002108335453
2020-08-04,0.004084457087259241
2020-08-05,0.009535395475571584
2020-08-06,0.0025672134345924302
2020-08-07,0.006403980689060895
2020-08-10,0.0034180308892276523
2020-08-11,-0.00388153008895481
2020-08-12,0.00935189281004023
2020-08-13,-0.0014601384866968492
2020-08-14,-0.00182428360533482
2020-08-17,0.004025619878510911
2020-08-18,-0.0034341132906147154
2020-08-19,-0.0043264543593711235
2020-08-20,-0.0018769413929951573
2020-08-21,0.00014452094212485944
2020-08-24,0.012520666856196239
2020-08-25,0.001667114725367902
2020-08-26,0.0034962587393804756
2020-08-27,0.002690806292381942
2020-08-28,0.005656155326338341
2020-08-31,-0.0059247986505365224
2020-09-01,0.007688680093029698
2020-09-02,0.014108917656731834
2020-09-03,-0.0319641522204282
2020-09-04,-0.008663869438758465
2020-09-07,0.0
2020-09-08,-0.02320315708088061
2020-09-09,0.016581774276569927
2020-09-10,-0.015039734375463687
2020-09-11,-0.0016079330397925085
2020-09-14,0.017733980431015817
2020-09-15,0.003531838302825774
2020-09-16,-0.000586522625941277
2020-09-17,-0.0071214379970332975
2020-09-18,-0.010762340539647919
2020-09-21,-0.018953015483774815
2020-09-22,0.007587261355311181
2020-09-23,-0.02192816035285816
2020-09-24,0.001015342958279819
2020-09-25,0.014969400018230772
2020-09-28,0.020501230318214936
2020-09-29,-0.004526679822117241
2020-09-30,0.0060721957764684475
2020-10-01,0.00881350657428337
2020-10-02,0.0005299321806709334
2020-10-05,0.019746213931468692
2020-10-06,-0.008277695647123051
2020-10-07,0.016773252840289854
2020-10-08,0.009598367437820277
2020-10-09,0.006658185555227569
2020-10-12,0.011752726557425874
2020-10-13,-0.007777903723648449
2020-10-14,-0.006000091876105562
2020-10-15,0.004108301871564579
2020-10-16,-0.003131801650431809
2020-10-19,-0.011747121938788407
2020-10-20,0.004104681282596556
2020-10-21,-0.0034984886703718354
2020-10-22,0.010854531794267763
2020-10-23,0.003412948142378913
2020-10-26,-0.019172419209558977
2020-10-27,-0.008023035260115219
2020-10-28,-0.0313253266289103
2020-10-29,0.011122497523815666
2020-10-30,-0.009394359751173198
2020-11-02,0.015100754564053687
2020-11-03,0.020782663480853003
2020-11-04,0.010957636537432092
2020-11-05,0.024671324555654017
2020-11-06,-0.003273108445431605
2020-11-09,0.02038689666325455
2020-11-10,0.0056810864470229205
2020-11-11,0.0032191033616492115
2020-11-12,-0.013723226749723982
2020-11-13,0.01789509064425232
2020-11-16,0.015546844942322169
2020-11-17,-0.0011045602048290193
2020-11-18,-0.01255325025966314
2020-11-19,0.006613237404165528
2020-11-20,-0.00410698568038681
2020-11-23,0.010864436892147111
2020-11-24,0.016446012120708176
2020-11-25,-0.004343465816452008
2020-11-26,0.0
2020-11-27,0.002319974515650025
2020-11-30,-0.010187252868004315
2020-12-01,0.011042038058930781
2020-12-02,0.00012543419639904352
2020-12-03,0.0024099602334706205
2020-12-04,0.014034988358960332
2020-12-07,-0.0029169785627377043
2020-12-08,0.004342046507053721
2020-12-09,-0.006053581538526143
2020-12-10,0.0010883276946254683
2020-12-11,-0.0024838909541176624
2020-12-14,-0.0025408855648168527
2020-12-15,0.017944206093866488
2020-12-16,-0.0005726559706754064
2020-12-17,0.006480254216119752
2020-12-18,-0.003403157674948698
2020-12-21,-0.004101007663494749
2020-12-22,0.0012396522090587503
2020-12-23,0.0049723854494333475
2020-12-24,0.002678349883158515
2020-12-25,0.0
2020-12-28,0.0029056515998597265
2020-12-29,-0.006300223741310562
2020-12-30,0.004672897865641623
2020-12-31,0.004180477951162609
2021-01-01,0.0
2021-01-04,-0.015504091385392882
2021-01-05,0.010691907512455523
2021-01-06,0.022996508700498963
2021-01-07,0.012913133312143055
2021-01-08,0.0019268724904249468
2021-01-11,-0.0024079189641678655
2021-01-12,0.0063064419289625695
2021-01-13,-0.003726716986875378
2021-01-14,0.003310951513371241
2021-01-15,-0.009158841389969807
2021-01-18,0.0
2021-01-19,0.008092169116403092
2021-01-20,0.012352322939150562
2021-01-21,-0.0032778089200879434
2021-01-22,0.00034996878991289115
2021-01-25,-3.22294828243308e-05
2021-01-26,-0.005882285486175476
2021-01-27,-0.0256730037935054
2021-01-28,0.00903444277057952
2021-01-29,-0.019652076902807014
2021-02-01,0.018545322546611342
2021-02-02,0.013220335481910372
2021-02-03,0.0007493153326796342
2021-02-04,0.012319039209383043
2021-02-05,0.007391139948562997
2021-02-08,0.011639451510645382
2021-02-09,0.0008730466647324797
2021-02-10,-0.0008164161348026
2021-02-11,0.004529942975171508
2021-02-12,0.0038486475016754618
2021-02-15,0.0
2021-02-16,-0.0013780446556042603
2021-02-17,-0.002451336384006353
2021-02-18,-0.00803915648758674
2021-02-19,0.006881705726146936
2021-02-22,-0.005613395086297934
2021-02-23,0.0012732291366092108
2021-02-24,0.015309265484985235
2021-02-25,-0.027550358721797175
2021-02-26,-0.002855174558417828
2021-03-01,0.02552890511061967
2021-03-02,-0.01121768873695772
2021-03-03,-0.010636968207742625
2021-03-04,-0.017769884404530478
2021-03-05,0.02203165137459684
2021-03-08,0.0010986332862146786
2021-03-09,0.010607144239399902
2021-03-10,0.009748629450008983
2021-03-11,0.012895779988944645
2021-03-12,0.005325634821540914
2021-03-15,0.010271748767281208
2021-03-16,-0.007174569295801014
2021-03-17,0.004803926499209243
2021-03-18,-0.017357077169951274
2021-03-19,-0.0008883374098964669
2021-03-22,0.0009932858601278682
2021-03-23,-0.01692190805098409
2021-03-24,-0.005269632842251903
2021-03-25,0.013057967928840175
2021-03-26,0.019814676812923593
2021-03-29,-0.01022424303189079
2021-03-30,0.004729904054085465
2021-03-31,0.002820287473632499
2021-04-01,0.012630212952821185
2021-04-02,0.0
2021-04-05,0.010593020444621182
2021-04-06,-0.0002479683836331681
2021-04-07,-0.0028804752826257496
2021-04-08,0.0043707718745226165
2021-04-09,0.005896667022023738
2021-04-12,0.0018799700747483827
2021-04-13,-0.000689794601232252
2021-04-14,0.0008263322927981598
2021-04-15,0.009195986753021246
2021-04-16,0.005265430587331643
2021-04-19,-0.00530698346492281
2021-04-20,-0.010880703414319681
2021-04-21,0.01364635214633747
2021-04-22,-0.0069823383960749275
2021-04-23,0.013820119324185365
2021-04-26,0.003007317411964472
2021-04-27,0.0009948074213393387
2021-04-28,-0.0005302803474923068
2021-04-29,0.003263029022595565
2021-04-30,-0.01019516272026555
2021-05-03,0.0042889980760068
2021-05-04,-0.005002333657903479
2021-05-05,-0.0006337136136118637
2021-05-06,0.006713278681697354
2021-05-07,0.009249162292877533
2021-05-10,-0.01094578874936325
2021-05-11,-0.009000873830447342
2021-05-12,-0.02605718339642704
2021-05-13,0.015431148109882109
2021-05-14,0.015767288516760347
2021-05-17,-0.0018447597835000717
2021-05-18,-0.009458601232404329
2021-05-19,-0.004445328748574673
2021-05-20,0.007201112841955237
2021-05-21,0.0007180708469289865
2021-05-24,0.0075522705864514705
2021-05-25,-0.004600666328143488
2021-05-26,0.005889266394693227
2021-05-27,0.0038232793741569404
2021-05-28,0.0008461918227667953
2021-05-31,0.0
2021-06-01,0.0022978367257900922
2021-06-02,-0.0017202901891936184
2021-06-03,-0.004484118910158208
2021-06-04,0.00717861941976472
2021-06-07,-0.0009183479093645697
2021-06-08,0.004384692860440853
2021-06-09,-0.004016065103099431
2021-06-10,0.0023761127435132368
2021-06-11,0.004620697891180137
2021-06-14,-0.003224078864397961
2021-06-15,-0.001608496692802941
2021-06-16,-0.006310205753801035
2021-06-17,-0.00813193216787711
2021-06-18,-0.016811146656593223
2021-06-21,0.019180949376093714
2021-06-22,0.003333767500583895
2021-06-23,-0.00030468453204701706
2021-06-24,0.007803030493600649
2021-06-25,0.006437621090033208
2021-06-28,-0.004388578593402692
2021-06-29,-0.0004068995440721368
2021-06-30,0.0012545897421468721
2021-07-01,0.006839361590374238
2021-07-02,0.0020012163660015903
2021-07-05,0.0
2021-07-06,-0.0069754736579123455
2021-07-07,0.002534368397572373
2021-07-08,-0.010393812723688278
2021-07-09,0.016207491376907135
2021-07-12,0.00332809523410027
2021-07-13,-0.009480970722729354
2021-07-14,-0.0019168715563840921
2021-07-15,-0.003586435064430682
2021-07-16,-0.009871757159510275
2021-07-19,-0.016533829995247107
2021-07-20,0.02189680023770202
2021-07-21,0.010085326534747585
2021-07-22,-0.0040186422132056365
2021-07-23,0.009292016103755185
2021-07-26,0.0021337643339303103
2021-07-27,-0.005300123610356311
2021-07-28,0.003881965555353306
2021-07-29,0.006998546535516015
2021-07-30,-0.0033222129168107295
2021-08-02,-0.00319054429076554
2021-08-03,0.007055530384594388
2021-08-04,-0.007210820934718254
2021-08-05,0.007840362187970684
2021-08-06,0.0030101152995177793
2021-08-09,-0.0018546386691472017
2021-08-10,0.002285367960838003
2021-08-11,0.005274846984517079
2021-08-12,0.0006452148087237597
2021-08-13,0.00015457000049046155
2021-08-16,-2.9629247745799336e-05
2021-08-17,-0.009460155321695807
2021-08-18,-0.01031991834131124
2021-08-19,-0.0033457329971451344
2021-08-20,0.010147016481631854
2021-08-23,0.008745410831820788
2021-08-24,0.005452781941058138
2021-08-25,0.004320620401246589
2021-08-26,-0.007684504932169878
2021-08-27,0.013939598826815947
2021-08-30,0.0010185921457642744
2021-08-31,-0.0017875740899818138
2021-09-01,0.001433205584455255
2021-09-02,0.0037476896347187205
2021-09-03,-0.002452715578922071
2021-09-06,0.0
2021-09-07,-0.007319920477481645
2021-09-08,-0.002520025287121197
2021-09-09,-0.0033964544599605073
2021-09-10,-0.008652842539872752
2021-09-13,0.00443621986074294
2021-09-14,-0.008414695782901438
2021-09-15,0.009876066147067708
2021-09-16,-0.0017623826829782363
2021-09-17,-0.008890071947902034
2021-09-20,-0.016202518885312767
2021-09-21,-0.001317682979839474
2021-09-22,0.011477431412218353
2021-09-23,0.013134297145278029
2021-09-24,-7.19600137212284e-05
2021-09-27,0.003209522809245413
2021-09-28,-0.01778839208554539
2021-09-29,0.0009994172268584789
2021-09-30,-0.013918677336906715
2021-10-01,0.013306633538165413
2021-10-04,-0.008752718690279326
2021-10-05,0.005675279195285321
2021-10-06,0.0016884781069073096
2021-10-07,0.011405365787978128
2021-10-08,-0.003790010118462861
2021-10-11,-0.006209675639671064
2021-10-12,0.001817188425835503
2021-10-13,0.003354612956284586
2021-10-14,0.01719762251960477
2021-10-15,0.004165727869946845
2021-10-18,0.002753658754859112
2021-10-19,0.005188329561779503
2021-10-20,0.005755351380034246
2021-10-21,0.0031551892939378767
2021-10-22,-2.1869609090285902e-05
2021-10-25,0.00476999287608304
2021-10-26,-0.0021992530614934336
2021-10-27,-0.010181472574534167
2021-10-28,0.012746822037698835
2021-10-29,0.001304169210340267
2021-11-01,0.011385163160877232
2021-11-02,0.0028574514885377766
2021-11-03,0.008752261538382267
2021-11-04,0.000593643449135095
2021-11-05,0.00628770106590093
2021-11-08,0.0007611778938346747
2021-11-09,-0.002348616067649245
2021-11-10,-0.008169483162645597
2021-11-11,0.0026649799502226346
2021-11-12,0.005596533242044899
2021-11-15,0.0009417261018136447
2021-11-16,0.0025398735491345414
2021-11-17,-0.005095184166792388
2021-11-18,0.0009868580003930538
2021-11-19,-0.002947896800358174
2021-11-22,-0.0008578978922783587
2021-11-23,0.0005698761153067888
2021-11-24,0.0005283923569956994
2021-11-25,0.0
2021-11-26,-0.026994893429304778
2021-11-29,0.006479437900094198
2021-11-30,-0.022067918492394922
2021-12-01,-0.01458339713641077
2021-12-02,0.021435084278787264
2021-12-03,-0.010739304135587713
2021-12-06,0.0159887106198926
2021-12-07,0.01880617670340745
2021-12-08,0.004348323772810692
2021-12-09,-0.011052857417498507
2021-12-10,0.005616389942741384
2021-12-13,-0.01011913935394626
2021-12-14,-0.005529756840650157
2021-12-15,0.013138174839933736
2021-12-16,-0.011012151572922069
2021-12-17,-0.006276559042270924
2021-12-20,-0.014150376035695023
2021-12-21,0.022354373997415022
2021-12-22,0.009357150605005637
2021-12-23,0.006640123975972467
2021-12-24,0.0
2021-12-27,0.014149013323580428
2021-12-28,-0.0006387913776356169
2021-12-29,0.003456413307484696
2021-12-30,-0.0024400432294444108
2021-12-31,-0.001246085016627374
2022-01-03,0.004245468878480652
2022-01-04,0.002066577128466973
2022-01-05,-0.020906627180696136
2022-01-06,0.002080075373919965
2022-01-07,-0.006024820826293131
2022-01-10,-0.0025092366065312954
2022-01-11,0.00928666374869569
2022-01-12,-0.0007669143551981561
2022-01-13,-0.007904399558879782
2022-01-14,-0.0012663359963075438
2022-01-17,0.0
2022-01-18,-0.019741419449494035
2022-01-19,-0.01186118507675299
2022-01-20,-0.014260673977508298
2022-01-21,-0.018093117156897598
2022-01-24,0.010901902571665567
2022-01-25,-0.015057899585875723
2022-01-26,-0.005903781756864623
2022-01-27,-0.01055969044493571
2022-01-28,0.02199001341578455
2022-01-31,0.020431932652800078
2022-02-01,0.00858506434102424
2022-02-02,0.004321251517415858
2022-02-03,-0.019922564357177763
2022-02-04,0.0037961746319520318
2022-02-07,-0.0019409921246211215
2022-02-08,0.013711642444236394
2022-02-09,0.016282815311707166
2022-02-10,-0.0158153736241588
2022-02-11,-0.016485020910322
2022-02-14,-0.0033655960584223488
2022-02-15,0.018956491700244382
2022-02-16,0.002063960180707869
2022-02-17,-0.021573800405445875
2022-02-18,-0.005891287233749154
2022-02-21,0.0
2022-02-22,-0.011686216079328071
2022-02-23,-0.01753463033232855
2022-02-24,0.014481854963160568
2022-02-25,0.02551633838835854
2022-02-28,-0.001614289197814367
2022-03-01,-0.01698610587787952
2022-03-02,0.022508387516297135
2022-03-03,-0.006845391390807198
2022-03-04,-0.011469454413763847
2022-03-07,-0.033669608046219546
2022-03-08,-0.0021122772715039817
2022-03-09,0.02736730816514621
2022-03-10,-0.002670256347750255
2022-03-11,-0.011762735001820346
2022-03-14,-0.007579737295207611
2022-03-15,0.01849108456763726
2022-03-16,0.025796697934453272
2022-03-17,0.011079839256568746
2022-03-18,0.009527506839164923
2022-03-21,-0.0016413937922077904
2022-03-22,0.00925068810927887
2022-03-23,-0.015752921687916643
2022-03-24,0.013103830033838415
2022-03-25,0.006360196429344267
2022-03-28,0.004193186202405164
2022-03-29,0.01682133293250454
2022-03-30,-0.010648007216316202
2022-03-31,-0.014155573875972216
2022-04-01,0.0039688752481428224
2022-04-04,0.0032244360271556083
2022-04-05,-0.015576130157602897
2022-04-06,-0.010714538626222958
2022-04-07,0.0012199322627753917
2022-04-08,-0.00178111479920523
2022-04-11,-0.010529306459614973
2022-04-12,-0.0024685954362149154
2022-04-13,0.01369295733771958
2022-04-14,-0.009099563035329383
2022-04-15,0.0
2022-04-18,-0.0009426824122418243
2022-04-19,0.019719056897439247
2022-04-20,0.0033141555116463217
2022-04-21,-0.016448471618039195
2022-04-22,-0.027530005064785534
2022-04-25,0.0059169582394470455
2022-04-26,-0.028875921822808848
2022-04-27,0.001247455170306111
2022-04-28,0.021805663110921802
2022-04-29,-0.03181579195491885
2022-05-02,0.005831605010031438
2022-05-03,0.007079222129511509
2022-05-04,0.029254647919021215
2022-05-05,-0.03630346736260737
2022-05-06,-0.009580111079347642
2022-05-09,-0.03302925503518711
2022-05-10,-0.00026056469227508927
2022-05-11,-0.017063975159465505
2022-05-12,0.004419737887736863
2022-05-13,0.02483997352549072
2022-05-16,-0.004316187738860999
2022-05-17,0.024810194824526066
2022-05-18,-0.03899167644187512
2022-05-19,-0.0039157745158109325
2022-05-20,-0.0009495146478469274
2022-05-23,0.014553796998375668
2022-05-24,-0.010268957442857607
2022-05-25,0.014358595469906366
2022-05-26,0.021591134942229973
2022-05-27,0.023920310495054053
2022-05-30,0.0
2022-05-31,-0.007736138107920121
2022-06-01,-0.008081675407386746
2022-06-02,0.020617912025520102
2022-06-03,-0.013902418045033615
2022-06-06,0.0045016718640594755
2022-06-07,0.011153380895368215
2022-06-08,-0.014672772655119515
2022-06-09,-0.02212109581687327
2022-06-10,-0.027889909779073407
2022-06-13,-0.04153571214472662
2022-06-14,-0.0036865220446194447
2022-06-15,0.013166201099414465
2022-06-16,-0.0401218874668986
2022-06-17,0.005114363415736123
2022-06-20,0.0
2022-06-21,0.01900519012887658
2022-06-22,-0.0021759246649800112
2022-06-23,0.007930778179504494
2022-06-24,0.03283314898502432
2022-06-27,0.00020311804025979763
2022-06-28,-0.017175810377688783
2022-06-29,-0.004327327904900868
2022-06-30,-0.00899980727944022
2022-07-01,0.011198226158934843
2022-07-04,0.0
2022-07-05,0.00014191182057765594
2022-07-06,-0.0010435984901845385
2022-07-07,0.01796869087356201
2022-07-08,-0.002069192018513688
2022-07-11,-0.011607898688412666
2022-07-12,-0.005128671008052976
2022-07-13,-0.0037198119033422516
2022-07-14,-0.006599705173448489
2022-07-15,0.019234618336182785
2022-07-18,-0.0052576407201569975
2022-07-19,0.030213971191101252
2022-07-20,0.008225522367747429
2022-07-21,0.008826641694936965
2022-07-22,-0.009057453457140652
2022-07-25,0.0038024136478669313
2022-07-26,-0.00876909261090636
2022-07-27,0.02239137495621224
2022-07-28,0.013844573573721375
2022-07-29,0.014055065148454227
2022-08-01,-0.001673059040709246
2022-08-02,-0.008276997452898172
2022-08-03,0.011993351633840854
2022-08-04,-0.004325397174174295
2022-08-05,0.0021873074608117493
2022-08-08,0.002610653496815607
2022-08-09,-0.006325555082157763
2022-08-10,0.022624439544033925
2022-08-11,0.002879333810818452
2022-08-12,0.01630281979112258
2022-08-15,0.0027035407899109742
2022-08-16,0.004253733149479966
2022-08-17,-0.010330646410249278
2022-08-18,0.005062079639182815
2022-08-19,-0.014635636045633005
2022-08-22,-0.021349422099410986
2022-08-23,-0.0014757560623606114
2022-08-24,0.0039009709496693468
2022-08-25,0.015216753526497873
2022-08-26,-0.03178575933000294
2022-08-29,-0.006940697603399937
2022-08-30,-0.012338460577050403
2022-08-31,-0.007400455609736789
2022-09-01,-0.0025452866274617847
2022-09-02,-0.00945277987842097
2022-09-05,0.0
2022-09-06,-0.004921403791909418
2022-09-07,0.02033115831308585
2022-09-08,0.007811334459863706
2022-09-09,0.01671473312257654
2022-09-12,0.010615225038839826
2022-09-13,-0.040504510342969646
2022-09-14,0.0018466990371304726
2022-09-15,-0.008991397410860413
2022-09-16,-0.010753663654547108
2022-09-19,0.009786033174901121
2022-09-20,-0.01387025262576791
2022-09-21,-0.015443564082578076
2022-09-22,-0.015481324817920639
2022-09-23,-0.01918804085512743
2022-09-26,-0.01283508656702842
2022-09-27,-0.0008407366855295861
2022-09-28,0.02333243047497391
2022-09-29,-0.020608534972596293
2022-09-30,-0.011037310903960484
2022-10-03,0.027038816262419774
2022-10-04,0.03504092014375426
2022-10-05,-0.004031333141203353
2022-10-06,-0.00882432220258561
2022-10-07,-0.02645088605780266
2022-10-10,-0.004932611486671568
2022-10-11,-0.002947304815140106
2022-10-12,-0.00411380462190758
2022-10-13,0.024108878616869944
2022-10-14,-0.02380998395442674
2022-10-17,0.026500199716301354
2022-10-18,0.013351870587316572
2022-10-19,-0.012190305615664088
2022-10-20,-0.012075386038298608
2022-10-21,0.022534166321055205
2022-10-24,0.009202368717448617
2022-10-25,0.020480511471004825
2022-10-26,-0.002692069441005529
2022-10-27,-0.0025694444168398722
2022-10-28,0.021104080454008134
2022-10-31,-0.0038973700821645085
2022-11-01,-0.00024329581034820968
2022-11-02,-0.027317225608183893
2022-11-03,-0.006763316259459418
2022-11-04,0.015440209858854859
2022-11-07,0.008939972675876984
2022-11-08,0.0034635869436285827
2022-11-09,-0.021156064949086673
2022-11-10,0.056547342266503375
2022-11-11,0.00788854382841242
2022-11-14,-0.009365252499995536
2022-11-15,0.01196940996865703
2022-11-16,-0.011032019669674653
2022-11-17,-0.004693627341063877
2022-11-18,0.0055513819137889
2022-11-21,-0.0030459040634917
2022-11-22,0.014731698378107061
2022-11-23,0.0029533667176485645
2022-11-24,0.0
2022-11-25,0.002075844041676822
2022-11-28,-0.017050141433677612
2022-11-29,0.00037268172100340946
2022-11-30,0.02681304513207805
2022-12-01,-0.0011991022266690798
2022-12-02,-0.00022113295169018388
2022-12-05,-0.021460764859024983
2022-12-06,-0.013047855040129619
2022-12-07,-0.0018726087920898915
2022-12-08,0.007495182312112103
2022-12-09,-0.009284895684339212
2022-12-12,0.01279886831600785
2022-12-13,0.006721102139531032
2022-12-14,-0.0053134821947462
2022-12-15,-0.024591401469538088
2022-12-16,-0.011632857096334381
2022-12-19,-0.01001330899374997
2022-12-20,0.0030037828110877074
2022-12-21,0.0165668264173654
2022-12-22,-0.013226305709169328
2022-12-23,0.006220915417941564
2022-12-26,0.0
2022-12-27,-0.0015591350410680826
2022-12-28,-0.014790106799214886
2022-12-29,0.018319210279340137
2022-12-30,-0.004117715825451007
2023-01-02,0.0
2023-01-03,-0.0041519774904780204
2023-01-04,0.011169203363664892
2023-01-05,-0.011201659316465273
2023-01-06,0.024054022355184834
2023-01-09,-0.00020287400948632017
2023-01-10,0.00830024818490549
2023-01-11,0.012338915554184982
2023-01-12,0.00614636429840254
2023-01-13,0.004243367691479927
2023-01-16,0.0
2023-01-17,-0.0021866446750445356
2023-01-18,-0.014459461290400266
2023-01-19,-0.009135748797205523
2023-01-20,0.017608232650729305
2023-01-23,0.01214712939323137
2023-01-24,-0.002214082071805734
2023-01-25,0.001216907652389243
2023-01-26,0.009493171878425799
2023-01-27,0.0027723641425779766
2023-01-30,-0.011716945427660053
2023-01-31,0.019028854934205364
2023-02-01,0.013068785640630187
2023-02-02,0.012862795977099606
2023-02-03,-0.00856419286790161
2023-02-06,-0.008497311091638649
2023-02-07,0.00988847302391238
2023-02-08,-0.011384811993617183
2023-02-09,-0.011010989757121392
2023-02-10,0.002132552249915598
2023-02-13,0.01163216589612659
2023-02-14,-0.00013681028534684447
2023-02-15,0.00491736637653839
2023-02-16,-0.010779866418983208
2023-02-17,-0.00224272526934316
2023-02-20,0.0
2023-02-21,-0.02227719931229083
2023-02-22,-0.000170987446746651
2023-02-23,0.004480682972247019
2023-02-24,-0.008497525973897802
2023-02-27,0.0024618415905904856
2023-02-28,-0.0025253022636760325
2023-03-01,-0.0012952277700835624
2023-03-02,0.005888161482027865
2023-03-03,0.013899533773649608
2023-03-06,-0.005922133460134094
2023-03-07,-0.013855126696661557
2023-03-08,0.0009094655407418939
2023-03-09,-0.021522630520823482
2023-03-10,-0.021582985146021805
2023-03-13,-0.010893596741414213
2023-03-14,0.018366647888812926
2023-03-15,-0.015067535378857855
2023-03-16,0.01572594955844675
2023-03-17,-0.017849693516514553
2023-03-20,0.013282644146931477
2023-03-21,0.01583198209090686
2023-03-22,-0.020741741722124396
2023-03-23,-0.0014366497196799388
2023-03-24,0.006646448340658084
2023-03-27,0.00552257607312856
2023-03-28,0.0004286163713615454
2023-03-29,0.012916487219862716
2023-03-30,0.004166395851869731
2023-03-31,0.016029769488368983
2023-04-03,0.0017741738871803747
2023-04-04,-0.011777299133640506
2023-04-05,-0.005025783189914035
2023-04-06,0.001081924332002826
2023-04-07,0.0
2023-04-10,0.006686150687424064
2023-04-11,0.004381183008811407
2023-04-12,-0.005056563548739623
2023-04-13,0.010103720841214026
2023-04-14,-0.003917428827411473
2023-04-17,0.005475233229888854
2023-04-18,-0.0005036422856398159
2023-04-19,0.0006750755865360669
2023-04-20,-0.005212331528325176
2023-04-21,0.0002526957902050375
2023-04-24,0.0004904605841934417
2023-04-25,-0.017835575357500077
2023-04-26,-0.006472527169589015
2023-04-27,0.01717806437056013
2023-04-28,0.008662472783708908
2023-05-01,-0.0004692377179511542
2023-05-02,-0.013372461731623708
2023-05-03,-0.004003966386407487
2023-05-04,-0.012543509061455183
2023-05-05,0.01997834221733208
2023-05-08,-0.001318380723967616
2023-05-09,-0.004126582770674625
2023-05-10,0.0029924296580484677
2023-05-11,-0.004452448731702197
2023-05-12,-0.0007562131865939681
2023-05-15,0.0053660198670028025
2023-05-16,-0.010575589718319789
2023-05-17,0.014613351776730954
2023-05-18,0.008910657017316859
2023-05-19,-0.0054691491019751015
2023-05-22,0.002732427666216841
2023-05-23,-0.01057127150776993
2023-05-24,-0.009101132765138797
2023-05-25,0.0038427846068714855
2023-05-26,0.011259325585219582
2023-05-29,0.0
2023-05-30,-0.0003441003534571663
2023-05-31,-0.010086476323451443
2023-06-01,0.008727560447289284
2023-06-02,0.023417169877384625
2023-06-05,-0.006296931075454926
2023-06-06,0.01139839163004186
2023-06-07,0.005774078276226613
2023-06-08,0.0003776212584803984
2023-06-09,-0.002233926591991231
2023-06-12,0.007277526841827253
2023-06-13,0.00854266754346611
2023-06-14,-0.002848651743526276
2023-06-15,0.010577710173092836
2023-06-16,-0.004497488966141883
2023-06-19,0.0
2023-06-20,-0.005513383979175446
2023-06-21,-0.003648507894889297
2023-06-22,-0.0013945054352462183
2023-06-23,-0.009829818785344557
2023-06-26,0.001707428296023883
2023-06-27,0.013706843883998121
2023-06-28,-0.0003919888626821577
2023-06-29,0.008073631998138375
2023-06-30,0.009058713495357362
2023-07-03,0.0019015620719435855
2023-07-04,0.0
2023-07-05,-0.005415320277355029
2023-07-06,-0.009767501316737925
2023-07-07,0.0031380457692632424
2023-07-10,0.007523809226137046
2023-07-11,0.008713491185005529
2023-07-12,0.007543227465618196
2023-07-13,0.006637832594111881
2023-07-14,-0.005727467776906081
2023-07-17,0.005254700297493864
2023-07-18,0.008382618131798414
2023-07-19,0.002726970321838551
2023-07-20,-0.006250863698933962
2023-07-21,-0.001290713058673787
2023-07-24,0.0027158716580253373
2023-07-25,0.0022059380962211605
2023-07-26,0.002464214072008142
2023-07-27,-0.009658424993469139
2023-07-28,0.008631324224516734
2023-07-31,0.003011010150912652
2023-08-01,-0.002930015315701251
2023-08-02,-0.012658683298396922
2023-08-03,-0.003704127052155781
2023-08-04,-0.0027571854948924557
2023-08-07,0.008393364443800344
2023-08-08,-0.0065617989530382115
2023-08-09,-0.006263497468793233
2023-08-10,-0.0010659396854355019
2023-08-11,-0.0005569533324203957
2023-08-14,0.0037178213145155903
2023-08-15,-0.012631288806285446
2023-08-16,-0.008518627988131633
2023-08-17,-0.010597762424286061
2023-08-18,0.0009270186724524287
2023-08-21,0.0038562633834791082
2023-08-22,-0.003936598044191886
2023-08-23,0.010962501945267267
2023-08-24,-0.012082781133102738
2023-08-25,0.004851495325803312
2023-08-28,0.007523656343580987
2023-08-29,0.014299907730805028
2023-08-30,0.0030382340281207565
2023-08-31,-0.000986944032020487
2023-09-01,0.005177892708312037
2023-09-04,0.0
2023-09-05,-0.013642464648383146
2023-09-06,-0.0048602505667340035
2023-09-07,-0.006410351397748426
2023-09-08,-9.962926678225292e-05
2023-09-11,0.003824359609483019
2023-09-12,-0.0029708520886329026
2023-09-13,-0.0024660059338025286
2023-09-14,0.010465626335990574
2023-09-15,-0.011787511315394295
2023-09-18,-0.0003047146173532078
2023-09-19,-0.0023387467044506116
2023-09-20,-0.007865865411505524
2023-09-21,-0.01760217747803816
2023-09-22,-0.0021899590993648133
2023-09-25,0.005113523275231624
2023-09-26,-0.01518788389679021
2023-09-27,0.002543645933723526
2023-09-28,0.008011261464864972
2023-09-29,-0.0035564330390335797
2023-10-02,-0.00682880303876765
2023-10-03,-0.01504353215629145
2023-10-04,0.0063636495704384455
2023-10-05,-0.0018929684912546985
2023-10-06,0.01002994054330164
2023-10-09,0.006738644834988428
2023-10-10,0.007380969568519857
2023-10-11,0.0035689387837850584
2023-10-12,-0.01316888818890588
2023-10-13,-0.005647530646863519
2023-10-16,0.012913507990599427
2023-10-17,0.006153562813855817
2023-10-18,-0.01791869262560697
2023-10-19,-0.01235072812246546
2023-10-20,-0.011946254056529826
2023-10-23,-0.005411488005006848
2023-10-24,0.006079549181279842
2023-10-25,-0.01502857996410939
2023-10-26,-0.004222782563068184
2023-10-27,-0.00886911353562736
2023-10-30,0.009653877084822682
2023-10-31,0.007690167957784211
2023-11-01,0.008160794893027012
2023-11-02,0.019917293553966875
2023-11-03,0.01439782945038226
2023-11-06,-0.0039021082075743063
2023-11-07,-0.00010192678724318949
2023-11-08,-0.0019026484198401694
2023-11-09,-0.00996035682182822
2023-11-10,0.014050610012555254
2023-11-13,-0.0012256107694914586
2023-11-14,0.029043813774283667
2023-11-15,0.0031602618290169637
2023-11-16,-0.004909200121741508
2023-11-17,0.004552397380881645
2023-11-20,0.005941960189930762
2023-11-21,-0.003791020007350543
2023-11-22,0.004473902049718759
2023-11-23,0.0
2023-11-24,0.0022042447012098343
2023-11-27,-0.001632519467033744
2023-11-28,-0.003060469581142533
2023-11-29,0.0013779885458073404
2023-11-30,0.004777648169288606
2023-12-01,0.01438466381653225
2023-12-04,0.0013972456644190112
2023-12-05,-0.006788606201050873
2023-12-06,-0.0030510128508490775
2023-12-07,0.006263207768929968
2023-12-08,0.004038806575856535
2023-12-11,0.004532849269773931
2023-12-12,0.0008442621968863251
2023-12-13,0.019577045219302258
2023-12-14,0.013193707459969728
2023-12-15,-0.005286330390707639
2023-12-18,0.003144123848796365
2023-12-19,0.00926771343694699
2023-12-20,-0.015361599678852311
2023-12-21,0.011646689570971036
2023-12-22,0.00270402509601253
2023-12-25,0.0
2023-12-26,0.005907815351283707
2023-12-27,0.0009876573370515285
2023-12-28,-0.0005528408759284398
2023-12-29,-0.005887647284489095
